{"customerName":"Christina Mitra","email":"Christina.Mitra@test.com","phone":"8015551212","birthDay":"1965-01-01","serialNumber":"8dc540af-f7fe-4c06-9d5c-a682910d7fdc","registrationDate":1655471525344,"lastUpdateDate":1655471583657,"shareWithResearchAsOfDate":1655471583657,"shareWithPublicAsOfDate":1655471583657,"shareWithFriendsAsOfDate":1655471583657}{"customerName":"Craig Olson","email":"Craig.Olson@test.com","phone":"8015551212","birthDay":"1964-01-01","serialNumber":"eb51e66e-af97-4be8-ba7e-b23988bb7910","registrationDate":1655471526068,"lastUpdateDate":1655471585774}{"customerName":"Jason Smith","email":"Jason.Smith@test.com","phone":"8015551212","birthDay":"1963-01-01","serialNumber":"3a310762-760b-4d55-96ca-d82540f72872","registrationDate":1655471526269,"lastUpdateDate":1655471587831,"shareWithResearchAsOfDate":1655471587831,"shareWithPublicAsOfDate":1655471587831}{"customerName":"Jason Gonzalez","email":"Jason.Gonzalez@test.com","phone":"8015551212","birthDay":"1962-01-01","serialNumber":"7cb25418-7d5a-437b-8446-89192d81d35f","registrationDate":1655471526383,"lastUpdateDate":1655471589887}{"customerName":"Spencer Mitra","email":"Spencer.Mitra@test.com","phone":"8015551212","birthDay":"1961-01-01","serialNumber":"7465caa2-3c3b-4c8c-9a93-5691007937ec","registrationDate":1655471526488,"lastUpdateDate":1655471591947,"shareWithResearchAsOfDate":1655471591947,"shareWithFriendsAsOfDate":1655471591947}{"customerName":"Eric Khatib","email":"Eric.Khatib@test.com","phone":"8015551212","birthDay":"1960-01-01","serialNumber":"4f7045aa-acf0-49fc-8d0d-25df9dca9ade","registrationDate":1655471526664,"lastUpdateDate":1655471594021,"shareWithResearchAsOfDate":1655471594021,"shareWithPublicAsOfDate":1655471594021}{"customerName":"Jason Olson","email":"Jason.Olson@test.com","phone":"8015551212","birthDay":"1959-01-01","serialNumber":"f974292d-fc99-4ea7-a230-a4bbb1e0f7fa","registrationDate":1655471526830,"lastUpdateDate":1655471596083,"shareWithResearchAsOfDate":1655471596083,"shareWithFriendsAsOfDate":1655471596083}{"customerName":"Larry Aristotle","email":"Larry.Aristotle@test.com","phone":"8015551212","birthDay":"1958-01-01","serialNumber":"2e2ab0da-abc9-48e4-aa58-3e8acdd97ce3","registrationDate":1655471526917,"lastUpdateDate":1655471598130,"shareWithResearchAsOfDate":1655471598130,"shareWithPublicAsOfDate":1655471598130,"shareWithFriendsAsOfDate":1655471598130}{"customerName":"Craig Jefferson","email":"Craig.Jefferson@test.com","phone":"8015551212","birthDay":"1957-01-01","serialNumber":"404c9999-26ca-4295-9b10-9ccf5c0a58db","registrationDate":1655471526980,"lastUpdateDate":1655471600227,"shareWithPublicAsOfDate":1655471600227,"shareWithFriendsAsOfDate":1655471600227}{"customerName":"Liz Lincoln","email":"Liz.Lincoln@test.com","phone":"8015551212","birthDay":"1956-01-01","serialNumber":"ace1aff7-1c27-4181-8838-28aa9c61a75b","registrationDate":1655471527055,"lastUpdateDate":1655471602283,"shareWithPublicAsOfDate":1655471602283}{"customerName":"Angie Staples","email":"Angie.Staples@test.com","phone":"8015551212","birthDay":"1955-01-01","serialNumber":"2175e2ef-c9c4-47e2-b59e-a833d4dc6ce6","registrationDate":1655471527111,"lastUpdateDate":1655471604340,"shareWithResearchAsOfDate":1655471604340,"shareWithPublicAsOfDate":1655471604340}{"customerName":"Trevor Clark","email":"Trevor.Clark@test.com","phone":"8015551212","birthDay":"1954-01-01","serialNumber":"e2bb3698-2317-4533-bd2d-23501cb40f29","registrationDate":1655471527167,"lastUpdateDate":1655471606398,"shareWithResearchAsOfDate":1655471606398,"shareWithPublicAsOfDate":1655471606398,"shareWithFriendsAsOfDate":1655471606398}{"customerName":"Bobby Sanchez","email":"Bobby.Sanchez@test.com","phone":"8015551212","birthDay":"1953-01-01","serialNumber":"873f3858-249b-491f-8ce1-57a6745c5ddc","registrationDate":1655471527229,"lastUpdateDate":1655471608458,"shareWithResearchAsOfDate":1655471608458}{"customerName":"Liz Staples","email":"Liz.Staples@test.com","phone":"8015551212","birthDay":"1952-01-01","serialNumber":"4c1162ed-7d41-46df-b7c2-524ceceb05c8","registrationDate":1655471527286,"lastUpdateDate":1655471610518,"shareWithPublicAsOfDate":1655471610518}{"customerName":"Ben Clayton","email":"Ben.Clayton@test.com","phone":"8015551212","birthDay":"1951-01-01","serialNumber":"8d9ca72b-64fb-4929-bb07-7e54cd24eeb6","registrationDate":1655471527348,"lastUpdateDate":1655471612570,"shareWithResearchAsOfDate":1655471612570,"shareWithPublicAsOfDate":1655471612570,"shareWithFriendsAsOfDate":1655471612570}{"customerName":"Danny Harris","email":"Danny.Harris@test.com","phone":"8015551212","birthDay":"1950-01-01","serialNumber":"8051269f-6377-4529-b013-bd56da265653","registrationDate":1655471527403,"lastUpdateDate":1655471614626,"shareWithResearchAsOfDate":1655471614626,"shareWithFriendsAsOfDate":1655471614626}{"customerName":"Neeraj Howard","email":"Neeraj.Howard@test.com","phone":"8015551212","birthDay":"1949-01-01","serialNumber":"67c15143-b12b-48ca-9e62-32d13e3f58f0","registrationDate":1655471527453,"lastUpdateDate":1655471616679,"shareWithResearchAsOfDate":1655471616679,"shareWithPublicAsOfDate":1655471616679}{"customerName":"Jason Harris","email":"Jason.Harris@test.com","phone":"8015551212","birthDay":"1948-01-01","serialNumber":"00bd2e8c-bef9-42d2-847a-c412118049dd","registrationDate":1655471527502,"lastUpdateDate":1655471618732,"shareWithResearchAsOfDate":1655471618732}{"customerName":"Sean Harris","email":"Sean.Harris@test.com","phone":"8015551212","birthDay":"1947-01-01","serialNumber":"3ff199b1-4ab2-4739-b087-2d522a15042d","registrationDate":1655471527548,"lastUpdateDate":1655471620790}{"customerName":"Angie Smith","email":"Angie.Smith@test.com","phone":"8015551212","birthDay":"1946-01-01","serialNumber":"93193c9b-0b54-40d3-8df3-275a63ac12db","registrationDate":1655471527592,"lastUpdateDate":1655471622836,"shareWithFriendsAsOfDate":1655471622836}{"customerName":"David Anandh","email":"David.Anandh@test.com","phone":"8015551212","birthDay":"1945-01-01","serialNumber":"33f24640-03c0-4371-afbc-cb60682e32cc","registrationDate":1655471527644,"lastUpdateDate":1655471624894,"shareWithPublicAsOfDate":1655471624894}{"customerName":"Jane Wu","email":"Jane.Wu@test.com","phone":"8015551212","birthDay":"1944-01-01","serialNumber":"b908e095-251e-482d-8623-0d4de6486400","registrationDate":1655471527686,"lastUpdateDate":1655471626989}{"customerName":"Bobby Davis","email":"Bobby.Davis@test.com","phone":"8015551212","birthDay":"1943-01-01","serialNumber":"b6282811-0d47-4928-9648-0c3f89d31214","registrationDate":1655471527729,"lastUpdateDate":1655471629184}{"customerName":"Dan Olson","email":"Dan.Olson@test.com","phone":"8015551212","birthDay":"1942-01-01","serialNumber":"a54f842d-e622-4e1d-8401-b40d256f5f51","registrationDate":1655471527774,"lastUpdateDate":1655471631370,"shareWithResearchAsOfDate":1655471631370,"shareWithFriendsAsOfDate":1655471631370}{"customerName":"Trevor Doshi","email":"Trevor.Doshi@test.com","phone":"8015551212","birthDay":"1941-01-01","serialNumber":"f55e0d3f-dc80-4e9d-8f33-953b0eb4e110","registrationDate":1655471527818,"lastUpdateDate":1655471633652,"shareWithPublicAsOfDate":1655471633652,"shareWithFriendsAsOfDate":1655471633652}{"customerName":"John Sanchez","email":"John.Sanchez@test.com","phone":"8015551212","birthDay":"1940-01-01","serialNumber":"27e52b2d-8676-4fd4-8dcb-c1609d28936b","registrationDate":1655471527869,"lastUpdateDate":1655471635760}{"customerName":"Craig Habschied","email":"Craig.Habschied@test.com","phone":"8015551212","birthDay":"1939-01-01","serialNumber":"42a2529c-8fe9-476b-b6e3-5c5d33d36d56","registrationDate":1655471527918,"lastUpdateDate":1655471637851,"shareWithPublicAsOfDate":1655471637851}{"customerName":"Ben Doshi","email":"Ben.Doshi@test.com","phone":"8015551212","birthDay":"1938-01-01","serialNumber":"4f145616-e3ec-4ae6-aee4-26e5f9c59bb6","registrationDate":1655471527963,"lastUpdateDate":1655471639906,"shareWithPublicAsOfDate":1655471639906,"shareWithFriendsAsOfDate":1655471639906}{"customerName":"Santosh Huey","email":"Santosh.Huey@test.com","phone":"8015551212","birthDay":"1937-01-01","serialNumber":"037f5bdd-f213-414f-b5f3-eed3e554550f","registrationDate":1655471528013,"lastUpdateDate":1655471641965,"shareWithFriendsAsOfDate":1655471641965}{"customerName":"John Gonzalez","email":"John.Gonzalez@test.com","phone":"8015551212","birthDay":"1936-01-01","serialNumber":"c593ad48-ba19-4367-9b62-d988bdbd8295","registrationDate":1655471528078,"lastUpdateDate":1655471644021,"shareWithResearchAsOfDate":1655471644021,"shareWithFriendsAsOfDate":1655471644021}{"customerName":"Jaya Huey","email":"Jaya.Huey@test.com","phone":"8015551212","birthDay":"1935-01-01","serialNumber":"8f153541-56df-4e17-970d-163cf1892c43","registrationDate":1655471528131,"lastUpdateDate":1655471646082,"shareWithResearchAsOfDate":1655471646082,"shareWithPublicAsOfDate":1655471646082,"shareWithFriendsAsOfDate":1655471646082}{"customerName":"Eric Anderson","email":"Eric.Anderson@test.com","phone":"8015551212","birthDay":"1934-01-01","serialNumber":"3b0a47de-71b7-4901-a658-d1ef4dfec574","registrationDate":1655471528180,"lastUpdateDate":1655471648135,"shareWithPublicAsOfDate":1655471648135,"shareWithFriendsAsOfDate":1655471648135}{"customerName":"Angie Doshi","email":"Angie.Doshi@test.com","phone":"8015551212","birthDay":"1933-01-01","serialNumber":"d832abfe-6501-4447-a43b-a5e3b64eb2b6","registrationDate":1655471528238,"lastUpdateDate":1655471650190,"shareWithResearchAsOfDate":1655471650190,"shareWithPublicAsOfDate":1655471650190,"shareWithFriendsAsOfDate":1655471650190}{"customerName":"Lyn Hansen","email":"Lyn.Hansen@test.com","phone":"8015551212","birthDay":"1932-01-01","serialNumber":"3293b526-5cbb-4a38-a75f-9a652b2ff919","registrationDate":1655471528326,"lastUpdateDate":1655471652247,"shareWithResearchAsOfDate":1655471652247}{"customerName":"Liz Doshi","email":"Liz.Doshi@test.com","phone":"8015551212","birthDay":"1931-01-01","serialNumber":"5e65dfab-a597-4788-9d78-71a91d0a4942","registrationDate":1655471528381,"lastUpdateDate":1655471654305,"shareWithResearchAsOfDate":1655471654305}{"customerName":"Suresh Phillips","email":"Suresh.Phillips@test.com","phone":"8015551212","birthDay":"1930-01-01","serialNumber":"aa274c66-b36b-467e-bcd3-2fc6d79779e7","registrationDate":1655471528428,"lastUpdateDate":1655471656358,"shareWithResearchAsOfDate":1655471656358}{"customerName":"Dan Gonzalez","email":"Dan.Gonzalez@test.com","phone":"8015551212","birthDay":"1929-01-01","serialNumber":"824aa7c7-4832-4598-a65a-d7ca0fe609dc","registrationDate":1655471528479,"lastUpdateDate":1655471658418,"shareWithResearchAsOfDate":1655471658418}{"customerName":"Jaya Harris","email":"Jaya.Harris@test.com","phone":"8015551212","birthDay":"1928-01-01","serialNumber":"6721af89-7d35-4a28-a00a-03d55dbf5f60","registrationDate":1655471528528,"lastUpdateDate":1655471660475,"shareWithResearchAsOfDate":1655471660475,"shareWithFriendsAsOfDate":1655471660475}{"customerName":"Santosh Staples","email":"Santosh.Staples@test.com","phone":"8015551212","birthDay":"1927-01-01","serialNumber":"a1f6b88f-bf0c-46e4-b1f8-bfaad5279004","registrationDate":1655471528576,"lastUpdateDate":1655471662545,"shareWithResearchAsOfDate":1655471662545}{"customerName":"Suresh Mitra","email":"Suresh.Mitra@test.com","phone":"8015551212","birthDay":"1926-01-01","serialNumber":"7ed2ad43-7a4d-4c1e-8d61-edab443f2c00","registrationDate":1655471528625,"lastUpdateDate":1655471664627,"shareWithResearchAsOfDate":1655471664627,"shareWithPublicAsOfDate":1655471664627}{"customerName":"Senthil Khatib","email":"Senthil.Khatib@test.com","phone":"8015551212","birthDay":"1925-01-01","serialNumber":"0575d85f-84bf-4b1a-bb92-4e516fc38cc3","registrationDate":1655471528677,"lastUpdateDate":1655471666683,"shareWithPublicAsOfDate":1655471666683,"shareWithFriendsAsOfDate":1655471666683}{"customerName":"Senthil Howard","email":"Senthil.Howard@test.com","phone":"8015551212","birthDay":"1924-01-01","serialNumber":"8be7109c-a0fc-4fd8-b27f-59645c3787fc","registrationDate":1655471528724,"lastUpdateDate":1655471668744,"shareWithPublicAsOfDate":1655471668744,"shareWithFriendsAsOfDate":1655471668744}{"customerName":"Gail Abram","email":"Gail.Abram@test.com","phone":"8015551212","birthDay":"1923-01-01","serialNumber":"17f39243-21e5-4987-a400-21e83baccc19","registrationDate":1655471528770,"lastUpdateDate":1655471670807}{"customerName":"Jacob Gonzalez","email":"Jacob.Gonzalez@test.com","phone":"8015551212","birthDay":"1922-01-01","serialNumber":"3afceca2-94ca-4c27-a68a-47bec9e1851f","registrationDate":1655471528817,"lastUpdateDate":1655471672860,"shareWithResearchAsOfDate":1655471672860,"shareWithPublicAsOfDate":1655471672860}{"customerName":"Jacob Jackson","email":"Jacob.Jackson@test.com","phone":"8015551212","birthDay":"1921-01-01","serialNumber":"2b519a22-892f-44cc-9fa6-db17733c8ce2","registrationDate":1655471528873,"lastUpdateDate":1655471674934,"shareWithResearchAsOfDate":1655471674934,"shareWithPublicAsOfDate":1655471674934}{"customerName":"Frank Jones","email":"Frank.Jones@test.com","phone":"8015551212","birthDay":"1920-01-01","serialNumber":"c1d9737a-2610-43d0-b4e3-367b2567ca0f","registrationDate":1655471528931,"lastUpdateDate":1655471676993,"shareWithResearchAsOfDate":1655471676993,"shareWithFriendsAsOfDate":1655471676993}{"customerName":"Manoj Jones","email":"Manoj.Jones@test.com","phone":"8015551212","birthDay":"1919-01-01","serialNumber":"9290c942-7503-407c-b4ff-682b6ab77139","registrationDate":1655471528980,"lastUpdateDate":1655471679049,"shareWithFriendsAsOfDate":1655471679049}{"customerName":"Trevor Sanchez","email":"Trevor.Sanchez@test.com","phone":"8015551212","birthDay":"1918-01-01","serialNumber":"6a30225d-575c-4f18-89d0-0a86f0aede04","registrationDate":1655471529028,"lastUpdateDate":1655471681102,"shareWithFriendsAsOfDate":1655471681102}{"customerName":"Ben Smith","email":"Ben.Smith@test.com","phone":"8015551212","birthDay":"1917-01-01","serialNumber":"556a0266-fbf2-4d35-a1c0-4a2122a1c1ee","registrationDate":1655471529081,"lastUpdateDate":1655471683164,"shareWithResearchAsOfDate":1655471683164,"shareWithFriendsAsOfDate":1655471683164}{"customerName":"Manoj Howard","email":"Manoj.Howard@test.com","phone":"8015551212","birthDay":"1916-01-01","serialNumber":"25a52b36-eb21-4c77-bb20-60df63adeee8","registrationDate":1655471529129,"lastUpdateDate":1655471685221}{"customerName":"Sean Staples","email":"Sean.Staples@test.com","phone":"8015551212","birthDay":"1915-01-01","serialNumber":"86a8c91a-c633-4f61-95cc-326cd5935134","registrationDate":1655471529185,"lastUpdateDate":1655471687281}{"customerName":"Christina Fibonnaci","email":"Christina.Fibonnaci@test.com","phone":"8015551212","birthDay":"1914-01-01","serialNumber":"097dd621-a19d-4d8b-bf7d-e079d6f4e3a3","registrationDate":1655471529235,"lastUpdateDate":1655471689333,"shareWithResearchAsOfDate":1655471689333,"shareWithPublicAsOfDate":1655471689333,"shareWithFriendsAsOfDate":1655471689333}{"customerName":"Larry Davis","email":"Larry.Davis@test.com","phone":"8015551212","birthDay":"1913-01-01","serialNumber":"55279e5a-91dd-4447-85f0-bd913e37708c","registrationDate":1655471529284,"lastUpdateDate":1655471691394,"shareWithPublicAsOfDate":1655471691394,"shareWithFriendsAsOfDate":1655471691394}{"customerName":"John Jackson","email":"John.Jackson@test.com","phone":"8015551212","birthDay":"1912-01-01","serialNumber":"decbc784-ef0b-4a85-a7be-61a0eeda848b","registrationDate":1655471529332,"lastUpdateDate":1655471693450,"shareWithPublicAsOfDate":1655471693450}{"customerName":"Santosh Aristotle","email":"Santosh.Aristotle@test.com","phone":"8015551212","birthDay":"1911-01-01","serialNumber":"c9377b1f-a3ec-4e11-b6dd-3b57c9816730","registrationDate":1655471529384,"lastUpdateDate":1655471695509,"shareWithResearchAsOfDate":1655471695509}{"customerName":"Christina Phillips","email":"Christina.Phillips@test.com","phone":"8015551212","birthDay":"1910-01-01","serialNumber":"e6a6ee39-a132-47f2-849e-b4897e6eb027","registrationDate":1655471529427,"lastUpdateDate":1655471697565,"shareWithResearchAsOfDate":1655471697565,"shareWithFriendsAsOfDate":1655471697565}{"customerName":"Jerry Khatib","email":"Jerry.Khatib@test.com","phone":"8015551212","birthDay":"1909-01-01","serialNumber":"4414e8b5-eb3c-4239-a6e6-ba1a5e81b1b8","registrationDate":1655471529476,"lastUpdateDate":1655471699626,"shareWithResearchAsOfDate":1655471699626,"shareWithFriendsAsOfDate":1655471699626}{"customerName":"Spencer Habschied","email":"Spencer.Habschied@test.com","phone":"8015551212","birthDay":"1908-01-01","serialNumber":"c2609ed8-ddbd-4a8c-bb2e-d7d9b99f9fdf","registrationDate":1655471529522,"lastUpdateDate":1655471701693,"shareWithResearchAsOfDate":1655471701693,"shareWithPublicAsOfDate":1655471701693}{"customerName":"Spencer Jones","email":"Spencer.Jones@test.com","phone":"8015551212","birthDay":"1907-01-01","serialNumber":"7d25178d-3764-4efb-bbbd-f765b222e9df","registrationDate":1655471529571,"lastUpdateDate":1655471703751,"shareWithPublicAsOfDate":1655471703751,"shareWithFriendsAsOfDate":1655471703751}{"customerName":"Jaya Jackson","email":"Jaya.Jackson@test.com","phone":"8015551212","birthDay":"1906-01-01","serialNumber":"030d03ae-c9f8-4a48-9b7d-96ecd1257d7e","registrationDate":1655471529619,"lastUpdateDate":1655471705812,"shareWithPublicAsOfDate":1655471705812}{"customerName":"Bobby Doshi","email":"Bobby.Doshi@test.com","phone":"8015551212","birthDay":"1905-01-01","serialNumber":"6d1f6444-fdad-4538-b2d6-2d5cb54ff862","registrationDate":1655471529668,"lastUpdateDate":1655471707874,"shareWithResearchAsOfDate":1655471707874,"shareWithPublicAsOfDate":1655471707874}{"customerName":"Frank Clark","email":"Frank.Clark@test.com","phone":"8015551212","birthDay":"1904-01-01","serialNumber":"7aec6bc9-b562-4058-bcab-7cd05379d2f3","registrationDate":1655471529717,"lastUpdateDate":1655471709937,"shareWithResearchAsOfDate":1655471709937}{"customerName":"Frank Fibonnaci","email":"Frank.Fibonnaci@test.com","phone":"8015551212","birthDay":"1903-01-01","serialNumber":"846f085e-eab7-4fcf-ae38-99442a2114ae","registrationDate":1655471529769,"lastUpdateDate":1655471711995}{"customerName":"Bobby Clayton","email":"Bobby.Clayton@test.com","phone":"8015551212","birthDay":"1902-01-01","serialNumber":"2a31895c-15b0-457d-8f5d-8658b876ab04","registrationDate":1655471529823,"lastUpdateDate":1655471714053,"shareWithResearchAsOfDate":1655471714053,"shareWithFriendsAsOfDate":1655471714053}{"customerName":"Angie Clark","email":"Angie.Clark@test.com","phone":"8015551212","birthDay":"1901-01-01","serialNumber":"1ad48092-0fe8-43d2-a329-eb6230d26468","registrationDate":1655471529872,"lastUpdateDate":1655471716098,"shareWithResearchAsOfDate":1655471716098,"shareWithPublicAsOfDate":1655471716098}{"customerName":"Neeraj Clark","email":"Neeraj.Clark@test.com","phone":"8015551212","birthDay":"1900-01-01","serialNumber":"55e4f0f8-c456-46a7-be6b-303c32b956cc","registrationDate":1655471529921,"lastUpdateDate":1655471718155,"shareWithFriendsAsOfDate":1655471718155}{"customerName":"Gail Howard","email":"Gail.Howard@test.com","phone":"8015551212","birthDay":"1899-01-01","serialNumber":"292e2c51-01f9-4a0d-b6dd-9fd1760e06f1","registrationDate":1655471529971,"lastUpdateDate":1655471720214,"shareWithResearchAsOfDate":1655471720214,"shareWithPublicAsOfDate":1655471720214}{"customerName":"Santosh Lincoln","email":"Santosh.Lincoln@test.com","phone":"8015551212","birthDay":"1898-01-01","serialNumber":"10d74368-2dea-4fb3-bb69-d2829434238b","registrationDate":1655471530025,"lastUpdateDate":1655471722271,"shareWithResearchAsOfDate":1655471722271}{"customerName":"Frank Staples","email":"Frank.Staples@test.com","phone":"8015551212","birthDay":"1897-01-01","serialNumber":"087b167c-defb-4774-ac2f-e4c7d5eadfeb","registrationDate":1655471530072,"lastUpdateDate":1655471724325,"shareWithFriendsAsOfDate":1655471724325}{"customerName":"Ben Fibonnaci","email":"Ben.Fibonnaci@test.com","phone":"8015551212","birthDay":"1896-01-01","serialNumber":"77d46894-5e69-4afe-bb0e-22dfd9c528e1","registrationDate":1655471530120,"lastUpdateDate":1655471726384,"shareWithResearchAsOfDate":1655471726384,"shareWithPublicAsOfDate":1655471726384,"shareWithFriendsAsOfDate":1655471726384}{"customerName":"Suresh Aristotle","email":"Suresh.Aristotle@test.com","phone":"8015551212","birthDay":"1895-01-01","serialNumber":"84d45860-13f6-49a2-bd7e-f28f9e9c04af","registrationDate":1655471530168,"lastUpdateDate":1655471728444,"shareWithPublicAsOfDate":1655471728444}{"customerName":"Gail Jones","email":"Gail.Jones@test.com","phone":"8015551212","birthDay":"1894-01-01","serialNumber":"d814acb2-5c54-41a8-a544-29bc74a5dc7d","registrationDate":1655471530249,"lastUpdateDate":1655471730497,"shareWithResearchAsOfDate":1655471730497,"shareWithPublicAsOfDate":1655471730497,"shareWithFriendsAsOfDate":1655471730497}{"customerName":"Jane Gonzalez","email":"Jane.Gonzalez@test.com","phone":"8015551212","birthDay":"1893-01-01","serialNumber":"c10b6418-88ef-40e3-8019-ef06c19928a6","registrationDate":1655471530348,"lastUpdateDate":1655471732556,"shareWithResearchAsOfDate":1655471732556,"shareWithPublicAsOfDate":1655471732556,"shareWithFriendsAsOfDate":1655471732556}{"customerName":"Christina Staples","email":"Christina.Staples@test.com","phone":"8015551212","birthDay":"1892-01-01","serialNumber":"838bf455-8f3a-4d01-8160-95732e8e65eb","registrationDate":1655471530396,"lastUpdateDate":1655471734615,"shareWithPublicAsOfDate":1655471734615,"shareWithFriendsAsOfDate":1655471734615}{"customerName":"Jason Lincoln","email":"Jason.Lincoln@test.com","phone":"8015551212","birthDay":"1891-01-01","serialNumber":"67ddf1ff-3f69-439c-a816-802a53d77d60","registrationDate":1655471530447,"lastUpdateDate":1655471736682,"shareWithResearchAsOfDate":1655471736682,"shareWithFriendsAsOfDate":1655471736682}{"customerName":"Sean Clark","email":"Sean.Clark@test.com","phone":"8015551212","birthDay":"1890-01-01","serialNumber":"647375b2-b688-4843-9d88-06c1d1c7c21b","registrationDate":1655471530497,"lastUpdateDate":1655471738737,"shareWithPublicAsOfDate":1655471738737,"shareWithFriendsAsOfDate":1655471738737}{"customerName":"Craig Sanchez","email":"Craig.Sanchez@test.com","phone":"8015551212","birthDay":"1889-01-01","serialNumber":"9fa3ab3c-faad-4344-9a44-beef8001f6ce","registrationDate":1655471530550,"lastUpdateDate":1655471740791,"shareWithFriendsAsOfDate":1655471740791}{"customerName":"Santosh Jones","email":"Santosh.Jones@test.com","phone":"8015551212","birthDay":"1888-01-01","serialNumber":"64cc4182-50b6-445d-8356-ae13e432fb21","registrationDate":1655471530601,"lastUpdateDate":1655471742849,"shareWithFriendsAsOfDate":1655471742849}{"customerName":"Suresh Sanchez","email":"Suresh.Sanchez@test.com","phone":"8015551212","birthDay":"1887-01-01","serialNumber":"195a0de0-f743-470d-9641-f7870bfb3bcb","registrationDate":1655471530649,"lastUpdateDate":1655471744911,"shareWithResearchAsOfDate":1655471744911,"shareWithPublicAsOfDate":1655471744911}{"customerName":"John Clark","email":"John.Clark@test.com","phone":"8015551212","birthDay":"1886-01-01","serialNumber":"124f68d5-8923-4b47-bb25-6b302ab54d92","registrationDate":1655471530692,"lastUpdateDate":1655471746968,"shareWithResearchAsOfDate":1655471746968,"shareWithPublicAsOfDate":1655471746968}{"customerName":"Sean Wu","email":"Sean.Wu@test.com","phone":"8015551212","birthDay":"1885-01-01","serialNumber":"a6314862-3cb8-4e8a-a75b-afbb23925271","registrationDate":1655471530737,"lastUpdateDate":1655471749024,"shareWithResearchAsOfDate":1655471749024,"shareWithFriendsAsOfDate":1655471749024}{"customerName":"Manoj Doshi","email":"Manoj.Doshi@test.com","phone":"8015551212","birthDay":"1884-01-01","serialNumber":"1c128650-aad5-43ec-b9bc-e9ace402aa2b","registrationDate":1655471530785,"lastUpdateDate":1655471751086,"shareWithResearchAsOfDate":1655471751086,"shareWithPublicAsOfDate":1655471751086,"shareWithFriendsAsOfDate":1655471751086}{"customerName":"Travis Doshi","email":"Travis.Doshi@test.com","phone":"8015551212","birthDay":"1883-01-01","serialNumber":"bd80375d-bea5-45d0-98d5-5facf5430053","registrationDate":1655471530834,"lastUpdateDate":1655471753145,"shareWithResearchAsOfDate":1655471753145,"shareWithFriendsAsOfDate":1655471753145}{"customerName":"Eric Fibonnaci","email":"Eric.Fibonnaci@test.com","phone":"8015551212","birthDay":"1882-01-01","serialNumber":"e7b67c9d-1484-4834-8bbc-42df4f976d35","registrationDate":1655471530876,"lastUpdateDate":1655471755202,"shareWithFriendsAsOfDate":1655471755202}{"customerName":"Jaya Jones","email":"Jaya.Jones@test.com","phone":"8015551212","birthDay":"1881-01-01","serialNumber":"534ac6c0-2bf6-4f2a-a10c-b923ba7c940e","registrationDate":1655471530918,"lastUpdateDate":1655471757263,"shareWithResearchAsOfDate":1655471757263,"shareWithFriendsAsOfDate":1655471757263}{"customerName":"Christina Jefferson","email":"Christina.Jefferson@test.com","phone":"8015551212","birthDay":"1880-01-01","serialNumber":"fdf73686-f438-4066-99b9-ade5736ca6f1","registrationDate":1655471530966,"lastUpdateDate":1655471759322,"shareWithFriendsAsOfDate":1655471759322}{"customerName":"Spencer Habschied","email":"Spencer.Habschied@test.com","phone":"8015551212","birthDay":"1879-01-01","serialNumber":"d000deda-1b8d-4474-8a97-07998fcfba39","registrationDate":1655471531015,"lastUpdateDate":1655471761380,"shareWithResearchAsOfDate":1655471761380,"shareWithPublicAsOfDate":1655471761380,"shareWithFriendsAsOfDate":1655471761380}{"customerName":"Danny Clark","email":"Danny.Clark@test.com","phone":"8015551212","birthDay":"1878-01-01","serialNumber":"78fd1f5c-f429-4400-80da-e949f33fa0f7","registrationDate":1655471531065,"lastUpdateDate":1655471763438,"shareWithResearchAsOfDate":1655471763438}{"customerName":"Jason Howard","email":"Jason.Howard@test.com","phone":"8015551212","birthDay":"1877-01-01","serialNumber":"f20178b9-aa0f-403d-90eb-a1982d83efb1","registrationDate":1655471531112,"lastUpdateDate":1655471765497,"shareWithResearchAsOfDate":1655471765497,"shareWithPublicAsOfDate":1655471765497,"shareWithFriendsAsOfDate":1655471765497}{"customerName":"Manoj Sanchez","email":"Manoj.Sanchez@test.com","phone":"8015551212","birthDay":"1876-01-01","serialNumber":"8083705e-11bb-4a2f-a3c7-027ab7274ba0","registrationDate":1655471531159,"lastUpdateDate":1655471767552,"shareWithPublicAsOfDate":1655471767552}{"customerName":"Suresh Anderson","email":"Suresh.Anderson@test.com","phone":"8015551212","birthDay":"1875-01-01","serialNumber":"49b32c76-ce55-4385-a27a-7a8928e67429","registrationDate":1655471531211,"lastUpdateDate":1655471769609,"shareWithFriendsAsOfDate":1655471769609}{"customerName":"Ashley Jones","email":"Ashley.Jones@test.com","phone":"8015551212","birthDay":"1874-01-01","serialNumber":"e201064b-2b60-4d7c-bb39-928348ed0166","registrationDate":1655471531262,"lastUpdateDate":1655471771666,"shareWithResearchAsOfDate":1655471771666,"shareWithPublicAsOfDate":1655471771666,"shareWithFriendsAsOfDate":1655471771666}{"customerName":"Chris Staples","email":"Chris.Staples@test.com","phone":"8015551212","birthDay":"1873-01-01","serialNumber":"e4ec682e-2a32-47c5-b9ef-f2e34159cd11","registrationDate":1655471531308,"lastUpdateDate":1655471773723}{"customerName":"Ashley Phillips","email":"Ashley.Phillips@test.com","phone":"8015551212","birthDay":"1872-01-01","serialNumber":"86080d45-4504-4fee-8417-00b89d3d1773","registrationDate":1655471531354,"lastUpdateDate":1655471775780,"shareWithResearchAsOfDate":1655471775780,"shareWithPublicAsOfDate":1655471775780}{"customerName":"Dan Howard","email":"Dan.Howard@test.com","phone":"8015551212","birthDay":"1871-01-01","serialNumber":"e8c97c27-a6e4-4353-a73e-22048c1f96bd","registrationDate":1655471531400,"lastUpdateDate":1655471777842,"shareWithResearchAsOfDate":1655471777842,"shareWithFriendsAsOfDate":1655471777842}{"customerName":"Larry Jones","email":"Larry.Jones@test.com","phone":"8015551212","birthDay":"1870-01-01","serialNumber":"c9cd00cf-e4a8-4119-951b-f1a0e1c373c3","registrationDate":1655471531449,"lastUpdateDate":1655471779889,"shareWithResearchAsOfDate":1655471779889,"shareWithPublicAsOfDate":1655471779889}{"customerName":"Angie Spencer","email":"Angie.Spencer@test.com","phone":"8015551212","birthDay":"1869-01-01","serialNumber":"7a7c6926-a864-45e0-9b62-b557b29f45af","registrationDate":1655471531495,"lastUpdateDate":1655471782169,"shareWithFriendsAsOfDate":1655471782169}{"customerName":"Neeraj Abram","email":"Neeraj.Abram@test.com","phone":"8015551212","birthDay":"1868-01-01","serialNumber":"b3e946c3-7427-4d5a-a4ac-f1af1899f692","registrationDate":1655471531541,"lastUpdateDate":1655471784257,"shareWithResearchAsOfDate":1655471784257,"shareWithPublicAsOfDate":1655471784257,"shareWithFriendsAsOfDate":1655471784257}{"customerName":"Christina Hansen","email":"Christina.Hansen@test.com","phone":"8015551212","birthDay":"1867-01-01","serialNumber":"8ce0f0ac-6051-4238-b504-544ce13049e3","registrationDate":1655471531592,"lastUpdateDate":1655471786332,"shareWithResearchAsOfDate":1655471786332,"shareWithPublicAsOfDate":1655471786332,"shareWithFriendsAsOfDate":1655471786332}{"customerName":"Ashley Doshi","email":"Ashley.Doshi@test.com","phone":"8015551212","birthDay":"1866-01-01","serialNumber":"d05d4fc3-953f-4560-8e3a-2a43d7379cdc","registrationDate":1655471531644,"lastUpdateDate":1655471788402,"shareWithResearchAsOfDate":1655471788402}{"customerName":"Jaya Jones","email":"Jaya.Jones@test.com","phone":"8015551212","birthDay":"1865-01-01","serialNumber":"cd800f78-0011-481b-8eb6-16fe04fb2855","registrationDate":1655471531689,"lastUpdateDate":1655471790517,"shareWithResearchAsOfDate":1655471790517,"shareWithFriendsAsOfDate":1655471790517}{"customerName":"Dan Staples","email":"Dan.Staples@test.com","phone":"8015551212","birthDay":"1864-01-01","serialNumber":"12ab2884-f401-463b-9627-45a198212a9d","registrationDate":1655471531737,"lastUpdateDate":1655471792608,"shareWithResearchAsOfDate":1655471792608}{"customerName":"Ashley Davis","email":"Ashley.Davis@test.com","phone":"8015551212","birthDay":"1863-01-01","serialNumber":"160a2224-8795-495d-8c60-62906a1a05c8","registrationDate":1655471531787,"lastUpdateDate":1655471794687,"shareWithPublicAsOfDate":1655471794687}{"customerName":"Chris Davis","email":"Chris.Davis@test.com","phone":"8015551212","birthDay":"1862-01-01","serialNumber":"eddc8e92-0886-40a8-99db-3c0004a2f909","registrationDate":1655471531839,"lastUpdateDate":1655471796748,"shareWithPublicAsOfDate":1655471796748}{"customerName":"Edward Gonzalez","email":"Edward.Gonzalez@test.com","phone":"8015551212","birthDay":"1861-01-01","serialNumber":"2d954895-da3d-4bfe-bf16-2ff552611b53","registrationDate":1655471531890,"lastUpdateDate":1655471798794,"shareWithResearchAsOfDate":1655471798794,"shareWithPublicAsOfDate":1655471798794,"shareWithFriendsAsOfDate":1655471798794}{"customerName":"Larry Wu","email":"Larry.Wu@test.com","phone":"8015551212","birthDay":"1860-01-01","serialNumber":"f63d54a4-f4ff-4503-ad23-344b7e2c66fc","registrationDate":1655471531938,"lastUpdateDate":1655471800856,"shareWithResearchAsOfDate":1655471800856,"shareWithFriendsAsOfDate":1655471800856}{"customerName":"John Mitra","email":"John.Mitra@test.com","phone":"8015551212","birthDay":"1859-01-01","serialNumber":"9df2515c-192f-496c-a538-57e23a595be9","registrationDate":1655471531985,"lastUpdateDate":1655471802908,"shareWithResearchAsOfDate":1655471802908}{"customerName":"Christina Khatib","email":"Christina.Khatib@test.com","phone":"8015551212","birthDay":"1858-01-01","serialNumber":"30e50813-4031-4adb-9c83-39aba25387ca","registrationDate":1655471532035,"lastUpdateDate":1655471804968,"shareWithResearchAsOfDate":1655471804968,"shareWithFriendsAsOfDate":1655471804968}{"customerName":"Neeraj Jefferson","email":"Neeraj.Jefferson@test.com","phone":"8015551212","birthDay":"1857-01-01","serialNumber":"28a68e30-2550-48a9-8e2e-30d0b801ff95","registrationDate":1655471532090,"lastUpdateDate":1655471807023,"shareWithResearchAsOfDate":1655471807023,"shareWithPublicAsOfDate":1655471807023}{"customerName":"Jacob Ahmed","email":"Jacob.Ahmed@test.com","phone":"8015551212","birthDay":"1856-01-01","serialNumber":"b42da7fc-08d9-40f9-9f72-2cde499b23c1","registrationDate":1655471532140,"lastUpdateDate":1655471809083,"shareWithPublicAsOfDate":1655471809083,"shareWithFriendsAsOfDate":1655471809083}{"customerName":"Spencer Jones","email":"Spencer.Jones@test.com","phone":"8015551212","birthDay":"1855-01-01","serialNumber":"a08e2668-c2b8-4107-a276-2e80a4f19790","registrationDate":1655471532190,"lastUpdateDate":1655471811138,"shareWithResearchAsOfDate":1655471811138}{"customerName":"Jane Gonzalez","email":"Jane.Gonzalez@test.com","phone":"8015551212","birthDay":"1854-01-01","serialNumber":"566a16e7-dfb9-429e-b274-edaed6240192","registrationDate":1655471532234,"lastUpdateDate":1655471813187,"shareWithResearchAsOfDate":1655471813187,"shareWithPublicAsOfDate":1655471813187}{"customerName":"Gail Howard","email":"Gail.Howard@test.com","phone":"8015551212","birthDay":"1853-01-01","serialNumber":"89562cb7-b399-4a95-bc76-3c85e056990a","registrationDate":1655471532282,"lastUpdateDate":1655471815309,"shareWithPublicAsOfDate":1655471815309,"shareWithFriendsAsOfDate":1655471815309}{"customerName":"Travis Ahmed","email":"Travis.Ahmed@test.com","phone":"8015551212","birthDay":"1852-01-01","serialNumber":"cfad61e9-33b6-4316-bf58-d5c6833a363a","registrationDate":1655471532331,"lastUpdateDate":1655471817458,"shareWithPublicAsOfDate":1655471817458,"shareWithFriendsAsOfDate":1655471817458}{"customerName":"Suresh Jones","email":"Suresh.Jones@test.com","phone":"8015551212","birthDay":"1851-01-01","serialNumber":"5068c259-a570-4da5-9b1f-89c897cc4412","registrationDate":1655471532375,"lastUpdateDate":1655471819705,"shareWithResearchAsOfDate":1655471819705}{"customerName":"Sarah Khatib","email":"Sarah.Khatib@test.com","phone":"8015551212","birthDay":"1850-01-01","serialNumber":"7a977f6f-0c17-4f80-afa2-4ac6e9bdc413","registrationDate":1655471532418,"lastUpdateDate":1655471821891,"shareWithResearchAsOfDate":1655471821891,"shareWithFriendsAsOfDate":1655471821891}{"customerName":"Sarah Clark","email":"Sarah.Clark@test.com","phone":"8015551212","birthDay":"1849-01-01","serialNumber":"e7141346-844d-4956-9f7b-52f07987e444","registrationDate":1655471532466,"lastUpdateDate":1655471824003,"shareWithResearchAsOfDate":1655471824003}{"customerName":"Senthil Smith","email":"Senthil.Smith@test.com","phone":"8015551212","birthDay":"1848-01-01","serialNumber":"1790af5b-395a-4d7e-886c-a14ac9c9fc99","registrationDate":1655471532516,"lastUpdateDate":1655471826052,"shareWithFriendsAsOfDate":1655471826052}{"customerName":"Jane Doshi","email":"Jane.Doshi@test.com","phone":"8015551212","birthDay":"1847-01-01","serialNumber":"213df286-8e35-4ccf-b6c0-6ea1193c47ff","registrationDate":1655471532567,"lastUpdateDate":1655471828125,"shareWithFriendsAsOfDate":1655471828125}{"customerName":"Travis Sanchez","email":"Travis.Sanchez@test.com","phone":"8015551212","birthDay":"1846-01-01","serialNumber":"5eac0047-8201-4873-8ca4-01489afabaac","registrationDate":1655471532616,"lastUpdateDate":1655471830192,"shareWithResearchAsOfDate":1655471830192,"shareWithFriendsAsOfDate":1655471830192}{"customerName":"Manoj Gonzalez","email":"Manoj.Gonzalez@test.com","phone":"8015551212","birthDay":"1845-01-01","serialNumber":"3bd8a094-0a62-4afc-ae4b-e7641f592d4f","registrationDate":1655471532664,"lastUpdateDate":1655471832246,"shareWithResearchAsOfDate":1655471832246}{"customerName":"John Wu","email":"John.Wu@test.com","phone":"8015551212","birthDay":"1844-01-01","serialNumber":"38cc8bb5-9054-4c1e-858e-f6d475ab1b29","registrationDate":1655471532712,"lastUpdateDate":1655471834299,"shareWithResearchAsOfDate":1655471834299}{"customerName":"Senthil Jones","email":"Senthil.Jones@test.com","phone":"8015551212","birthDay":"1843-01-01","serialNumber":"92ae546f-68f3-4cb4-8343-93a11cb095dd","registrationDate":1655471532760,"lastUpdateDate":1655471836349,"shareWithResearchAsOfDate":1655471836349}{"customerName":"Chris Smith","email":"Chris.Smith@test.com","phone":"8015551212","birthDay":"1842-01-01","serialNumber":"1d330b34-aece-45b8-9cc0-3901da3a3c48","registrationDate":1655471532811,"lastUpdateDate":1655471838405}{"customerName":"Bobby Phillips","email":"Bobby.Phillips@test.com","phone":"8015551212","birthDay":"1841-01-01","serialNumber":"3045aecf-3f68-49b0-8963-25ebef06d587","registrationDate":1655471532858,"lastUpdateDate":1655471840603}{"customerName":"Jacob Jefferson","email":"Jacob.Jefferson@test.com","phone":"8015551212","birthDay":"1840-01-01","serialNumber":"ba4bcea1-6153-4434-b7fd-1576592e4d81","registrationDate":1655471532907,"lastUpdateDate":1655471842671,"shareWithPublicAsOfDate":1655471842671}{"customerName":"Jaya Howard","email":"Jaya.Howard@test.com","phone":"8015551212","birthDay":"1839-01-01","serialNumber":"81ec37a4-fb22-4f66-8c8d-ba0e6e26f0ea","registrationDate":1655471532955,"lastUpdateDate":1655471844975,"shareWithPublicAsOfDate":1655471844975}{"customerName":"Spencer Huey","email":"Spencer.Huey@test.com","phone":"8015551212","birthDay":"1838-01-01","serialNumber":"e0e92864-26bd-4bbf-a71a-92c1bd801fac","registrationDate":1655471533005,"lastUpdateDate":1655471847226,"shareWithPublicAsOfDate":1655471847226,"shareWithFriendsAsOfDate":1655471847226}{"customerName":"Sarah Jefferson","email":"Sarah.Jefferson@test.com","phone":"8015551212","birthDay":"1837-01-01","serialNumber":"fe8c84b0-048c-43b7-a88f-c9a93f8039cd","registrationDate":1655471533056,"lastUpdateDate":1655471849372,"shareWithFriendsAsOfDate":1655471849372}{"customerName":"Jason Jones","email":"Jason.Jones@test.com","phone":"8015551212","birthDay":"1836-01-01","serialNumber":"ae5bd3b3-867a-41fc-847d-b08561480f1c","registrationDate":1655471533104,"lastUpdateDate":1655471851467,"shareWithResearchAsOfDate":1655471851467,"shareWithFriendsAsOfDate":1655471851467}{"customerName":"Jaya Aristotle","email":"Jaya.Aristotle@test.com","phone":"8015551212","birthDay":"1835-01-01","serialNumber":"c58ee794-c11b-4fb6-b7e3-578926819091","registrationDate":1655471533150,"lastUpdateDate":1655471853519,"shareWithResearchAsOfDate":1655471853519,"shareWithPublicAsOfDate":1655471853519,"shareWithFriendsAsOfDate":1655471853519}{"customerName":"Suresh Howard","email":"Suresh.Howard@test.com","phone":"8015551212","birthDay":"1834-01-01","serialNumber":"15357e79-5e40-4fc8-952d-1e3a37001ad2","registrationDate":1655471533192,"lastUpdateDate":1655471855668,"shareWithResearchAsOfDate":1655471855668}{"customerName":"Chris Spencer","email":"Chris.Spencer@test.com","phone":"8015551212","birthDay":"1833-01-01","serialNumber":"e9105d6c-fd2f-4156-b836-43c30c40714a","registrationDate":1655471533239,"lastUpdateDate":1655471857733,"shareWithFriendsAsOfDate":1655471857733}{"customerName":"Jaya Sanchez","email":"Jaya.Sanchez@test.com","phone":"8015551212","birthDay":"1832-01-01","serialNumber":"ea43066d-cf45-4d0b-9f34-83afd8c54965","registrationDate":1655471533287,"lastUpdateDate":1655471859789,"shareWithResearchAsOfDate":1655471859789,"shareWithFriendsAsOfDate":1655471859789}{"customerName":"Jacob Howard","email":"Jacob.Howard@test.com","phone":"8015551212","birthDay":"1831-01-01","serialNumber":"88e2b053-6051-47a3-abf2-73f847ccd5b9","registrationDate":1655471533338,"lastUpdateDate":1655471861846,"shareWithResearchAsOfDate":1655471861846,"shareWithFriendsAsOfDate":1655471861846}{"customerName":"Chris Harris","email":"Chris.Harris@test.com","phone":"8015551212","birthDay":"1830-01-01","serialNumber":"52cf6905-ae7e-4de7-9853-03086d82221e","registrationDate":1655471533385,"lastUpdateDate":1655471863904,"shareWithResearchAsOfDate":1655471863904,"shareWithFriendsAsOfDate":1655471863904}{"customerName":"Trevor Clark","email":"Trevor.Clark@test.com","phone":"8015551212","birthDay":"1829-01-01","serialNumber":"360e9498-1c9c-4fb1-ad9f-ada9887c9a57","registrationDate":1655471533431,"lastUpdateDate":1655471865967,"shareWithFriendsAsOfDate":1655471865967}{"customerName":"Craig Hansen","email":"Craig.Hansen@test.com","phone":"8015551212","birthDay":"1828-01-01","serialNumber":"7629cacd-e2d6-40b1-99ee-59b7c31db22f","registrationDate":1655471533479,"lastUpdateDate":1655471868025,"shareWithResearchAsOfDate":1655471868025,"shareWithPublicAsOfDate":1655471868025}{"customerName":"Sean Clark","email":"Sean.Clark@test.com","phone":"8015551212","birthDay":"1827-01-01","serialNumber":"d5517d1f-5710-4b17-a158-9a59fdc91d0c","registrationDate":1655471533525,"lastUpdateDate":1655471870081}{"customerName":"Craig Jefferson","email":"Craig.Jefferson@test.com","phone":"8015551212","birthDay":"1826-01-01","serialNumber":"e17737c2-19e7-49eb-b0bb-e16eb915a61c","registrationDate":1655471533572,"lastUpdateDate":1655471872143,"shareWithResearchAsOfDate":1655471872143,"shareWithPublicAsOfDate":1655471872143}{"customerName":"Ben Jones","email":"Ben.Jones@test.com","phone":"8015551212","birthDay":"1825-01-01","serialNumber":"284cd956-315d-4e28-bb62-505a9f961cf2","registrationDate":1655471533618,"lastUpdateDate":1655471874200,"shareWithResearchAsOfDate":1655471874200}{"customerName":"Frank Mitra","email":"Frank.Mitra@test.com","phone":"8015551212","birthDay":"1824-01-01","serialNumber":"ac7423b0-eee1-49ff-b109-16c840357292","registrationDate":1655471533667,"lastUpdateDate":1655471876251,"shareWithResearchAsOfDate":1655471876251,"shareWithFriendsAsOfDate":1655471876251}{"customerName":"Travis Hansen","email":"Travis.Hansen@test.com","phone":"8015551212","birthDay":"1823-01-01","serialNumber":"f48aa2a9-d0c7-43b8-a444-b506464358c5","registrationDate":1655471533713,"lastUpdateDate":1655471878309,"shareWithPublicAsOfDate":1655471878309,"shareWithFriendsAsOfDate":1655471878309}{"customerName":"Ashley Mitra","email":"Ashley.Mitra@test.com","phone":"8015551212","birthDay":"1822-01-01","serialNumber":"d90a3b89-abb4-4636-8f03-a6031388cecb","registrationDate":1655471533759,"lastUpdateDate":1655471880364,"shareWithFriendsAsOfDate":1655471880364}{"customerName":"Frank Jones","email":"Frank.Jones@test.com","phone":"8015551212","birthDay":"1821-01-01","serialNumber":"f71a5cbb-d9e9-4ef8-8354-865993722b17","registrationDate":1655471533805,"lastUpdateDate":1655471882420,"shareWithPublicAsOfDate":1655471882420,"shareWithFriendsAsOfDate":1655471882420}{"customerName":"Frank Fibonnaci","email":"Frank.Fibonnaci@test.com","phone":"8015551212","birthDay":"1820-01-01","serialNumber":"1c0ed636-64bc-46d4-bbdd-a9825c33ed71","registrationDate":1655471533854,"lastUpdateDate":1655471884475,"shareWithResearchAsOfDate":1655471884475,"shareWithPublicAsOfDate":1655471884475}{"customerName":"Eric Olson","email":"Eric.Olson@test.com","phone":"8015551212","birthDay":"1819-01-01","serialNumber":"dc9a8aa9-bf15-4f6b-ac2e-7c78f4299646","registrationDate":1655471533905,"lastUpdateDate":1655471886527,"shareWithResearchAsOfDate":1655471886527,"shareWithPublicAsOfDate":1655471886527,"shareWithFriendsAsOfDate":1655471886527}{"customerName":"Danny Khatib","email":"Danny.Khatib@test.com","phone":"8015551212","birthDay":"1818-01-01","serialNumber":"5a7f79be-b809-4713-b2ea-a9887e8a0634","registrationDate":1655471533951,"lastUpdateDate":1655471888578,"shareWithPublicAsOfDate":1655471888578,"shareWithFriendsAsOfDate":1655471888578}{"customerName":"Lyn Davis","email":"Lyn.Davis@test.com","phone":"8015551212","birthDay":"1817-01-01","serialNumber":"77b12445-1779-4a2a-a17d-3a7623d9eb37","registrationDate":1655471533999,"lastUpdateDate":1655471890634,"shareWithResearchAsOfDate":1655471890634,"shareWithFriendsAsOfDate":1655471890634}{"customerName":"Christina Phillips","email":"Christina.Phillips@test.com","phone":"8015551212","birthDay":"1816-01-01","serialNumber":"34d09afb-f461-477b-9a56-f426919135f8","registrationDate":1655471534047,"lastUpdateDate":1655471892698,"shareWithResearchAsOfDate":1655471892698}{"customerName":"Suresh Lincoln","email":"Suresh.Lincoln@test.com","phone":"8015551212","birthDay":"1815-01-01","serialNumber":"41f71e4a-697f-4d39-a961-3e81f909b647","registrationDate":1655471534095,"lastUpdateDate":1655471894756,"shareWithPublicAsOfDate":1655471894756,"shareWithFriendsAsOfDate":1655471894756}{"customerName":"Liz Clayton","email":"Liz.Clayton@test.com","phone":"8015551212","birthDay":"1814-01-01","serialNumber":"2ae3ea92-3be0-4ff9-9c58-e5914f7e8d0e","registrationDate":1655471534145,"lastUpdateDate":1655471896814,"shareWithResearchAsOfDate":1655471896814}{"customerName":"Larry Anderson","email":"Larry.Anderson@test.com","phone":"8015551212","birthDay":"1813-01-01","serialNumber":"f9441ee6-2cf0-4acd-9ca4-04150e638d62","registrationDate":1655471534192,"lastUpdateDate":1655471898871,"shareWithResearchAsOfDate":1655471898871,"shareWithPublicAsOfDate":1655471898871}{"customerName":"Trevor Anderson","email":"Trevor.Anderson@test.com","phone":"8015551212","birthDay":"1812-01-01","serialNumber":"00e5ebaf-d0af-4516-a7fd-c006afbc28fb","registrationDate":1655471534241,"lastUpdateDate":1655471900940,"shareWithResearchAsOfDate":1655471900940,"shareWithPublicAsOfDate":1655471900940}{"customerName":"Craig Doshi","email":"Craig.Doshi@test.com","phone":"8015551212","birthDay":"1811-01-01","serialNumber":"2a91ffb5-2969-4245-9861-4cec9ee80acf","registrationDate":1655471534290,"lastUpdateDate":1655471903005,"shareWithResearchAsOfDate":1655471903005}{"customerName":"John Jackson","email":"John.Jackson@test.com","phone":"8015551212","birthDay":"1810-01-01","serialNumber":"c0e090aa-cd62-4303-aaa9-2c827ceb13a4","registrationDate":1655471534342,"lastUpdateDate":1655471905070,"shareWithResearchAsOfDate":1655471905070,"shareWithFriendsAsOfDate":1655471905070}{"customerName":"Danny Jefferson","email":"Danny.Jefferson@test.com","phone":"8015551212","birthDay":"1809-01-01","serialNumber":"ca7d17fa-cfe6-47e7-998e-5fafe6a1e6c5","registrationDate":1655471534392,"lastUpdateDate":1655471907168,"shareWithResearchAsOfDate":1655471907168,"shareWithPublicAsOfDate":1655471907168}{"customerName":"Spencer Hansen","email":"Spencer.Hansen@test.com","phone":"8015551212","birthDay":"1808-01-01","serialNumber":"24898422-370c-40d6-9087-1c0ad54f030f","registrationDate":1655471534440,"lastUpdateDate":1655471909364,"shareWithPublicAsOfDate":1655471909364,"shareWithFriendsAsOfDate":1655471909364}{"customerName":"Jane Jackson","email":"Jane.Jackson@test.com","phone":"8015551212","birthDay":"1807-01-01","serialNumber":"04c1fc88-8bfa-4230-90a7-cebdf28100a0","registrationDate":1655471534488,"lastUpdateDate":1655471911454,"shareWithResearchAsOfDate":1655471911454,"shareWithPublicAsOfDate":1655471911454}{"customerName":"Santosh Smith","email":"Santosh.Smith@test.com","phone":"8015551212","birthDay":"1806-01-01","serialNumber":"d097beb1-ada0-4a33-8fd9-54e42426b494","registrationDate":1655471534536,"lastUpdateDate":1655471913512,"shareWithFriendsAsOfDate":1655471913512}{"customerName":"Spencer Abram","email":"Spencer.Abram@test.com","phone":"8015551212","birthDay":"1805-01-01","serialNumber":"2f18a02b-1029-4635-a267-416cc2c580e9","registrationDate":1655471534584,"lastUpdateDate":1655471915568,"shareWithPublicAsOfDate":1655471915568}{"customerName":"Craig Jefferson","email":"Craig.Jefferson@test.com","phone":"8015551212","birthDay":"1804-01-01","serialNumber":"d89f9579-30f4-40ac-873e-d52c2a877eda","registrationDate":1655471534633,"lastUpdateDate":1655471917618,"shareWithResearchAsOfDate":1655471917618,"shareWithFriendsAsOfDate":1655471917618}{"customerName":"Trevor Hansen","email":"Trevor.Hansen@test.com","phone":"8015551212","birthDay":"1803-01-01","serialNumber":"0c4f5773-f6d5-4741-bfb1-1bc01b15815d","registrationDate":1655471534681,"lastUpdateDate":1655471919684,"shareWithPublicAsOfDate":1655471919684}{"customerName":"Christina Habschied","email":"Christina.Habschied@test.com","phone":"8015551212","birthDay":"1802-01-01","serialNumber":"add80601-a931-4654-b568-7a5eac0608b9","registrationDate":1655471534728,"lastUpdateDate":1655471921735,"shareWithFriendsAsOfDate":1655471921735}{"customerName":"Larry Smith","email":"Larry.Smith@test.com","phone":"8015551212","birthDay":"1801-01-01","serialNumber":"6ee4113d-b867-4964-89d6-850ecf5eee28","registrationDate":1655471534775,"lastUpdateDate":1655471923796,"shareWithFriendsAsOfDate":1655471923796}{"customerName":"Sean Wu","email":"Sean.Wu@test.com","phone":"8015551212","birthDay":"1800-01-01","serialNumber":"055635d4-a394-4919-aa9f-aba8e2ea05f8","registrationDate":1655471534823,"lastUpdateDate":1655471925847,"shareWithResearchAsOfDate":1655471925847}{"customerName":"Liz Smith","email":"Liz.Smith@test.com","phone":"8015551212","birthDay":"1799-01-01","serialNumber":"afb43ee2-bb09-4a6b-beec-624d6ee00564","registrationDate":1655471534875,"lastUpdateDate":1655471927901,"shareWithResearchAsOfDate":1655471927901,"shareWithFriendsAsOfDate":1655471927901}{"customerName":"Lyn Anandh","email":"Lyn.Anandh@test.com","phone":"8015551212","birthDay":"1798-01-01","serialNumber":"a5f97a74-7e1f-4ac2-8aa6-5f286aa5019f","registrationDate":1655471534926,"lastUpdateDate":1655471929953,"shareWithResearchAsOfDate":1655471929953,"shareWithPublicAsOfDate":1655471929953,"shareWithFriendsAsOfDate":1655471929953}{"customerName":"Edward Anandh","email":"Edward.Anandh@test.com","phone":"8015551212","birthDay":"1797-01-01","serialNumber":"3be95fb4-ef1c-4b2f-af6c-b4a48c585fd1","registrationDate":1655471534973,"lastUpdateDate":1655471932011,"shareWithFriendsAsOfDate":1655471932011}{"customerName":"Christina Staples","email":"Christina.Staples@test.com","phone":"8015551212","birthDay":"1796-01-01","serialNumber":"ecedd91a-5903-4f18-b0d4-d9a0de54e66a","registrationDate":1655471535024,"lastUpdateDate":1655471934066,"shareWithPublicAsOfDate":1655471934066,"shareWithFriendsAsOfDate":1655471934066}{"customerName":"Chris Clayton","email":"Chris.Clayton@test.com","phone":"8015551212","birthDay":"1795-01-01","serialNumber":"de69e426-f6ff-422f-a6a1-7176476dbe90","registrationDate":1655471535074,"lastUpdateDate":1655471936129,"shareWithPublicAsOfDate":1655471936129,"shareWithFriendsAsOfDate":1655471936129}{"customerName":"Santosh Jones","email":"Santosh.Jones@test.com","phone":"8015551212","birthDay":"1794-01-01","serialNumber":"7c5a0787-05fb-43c1-b72e-7fa7e51a5df6","registrationDate":1655471535121,"lastUpdateDate":1655471938186,"shareWithFriendsAsOfDate":1655471938186}{"customerName":"Suresh Harris","email":"Suresh.Harris@test.com","phone":"8015551212","birthDay":"1793-01-01","serialNumber":"8683c1f9-1bfc-45d3-88ab-5626cd07a65f","registrationDate":1655471535169,"lastUpdateDate":1655471940237,"shareWithResearchAsOfDate":1655471940237,"shareWithPublicAsOfDate":1655471940237,"shareWithFriendsAsOfDate":1655471940237}{"customerName":"Jaya Hansen","email":"Jaya.Hansen@test.com","phone":"8015551212","birthDay":"1792-01-01","serialNumber":"9d9a98c4-8f80-41ec-95a7-132ce7c43b76","registrationDate":1655471535216,"lastUpdateDate":1655471942293}{"customerName":"Liz Aristotle","email":"Liz.Aristotle@test.com","phone":"8015551212","birthDay":"1791-01-01","serialNumber":"e88f9b44-32e2-4f74-9e40-714743ff1385","registrationDate":1655471535265,"lastUpdateDate":1655471944349,"shareWithResearchAsOfDate":1655471944349}{"customerName":"Sean Khatib","email":"Sean.Khatib@test.com","phone":"8015551212","birthDay":"1790-01-01","serialNumber":"b8e76a53-ef5d-43bc-987c-266ba949f91f","registrationDate":1655471535311,"lastUpdateDate":1655471946407,"shareWithResearchAsOfDate":1655471946407,"shareWithFriendsAsOfDate":1655471946407}{"customerName":"Neeraj Hansen","email":"Neeraj.Hansen@test.com","phone":"8015551212","birthDay":"1789-01-01","serialNumber":"774482c7-48e4-4ef6-90b9-8885ea88e53b","registrationDate":1655471535357,"lastUpdateDate":1655471948468,"shareWithResearchAsOfDate":1655471948468,"shareWithPublicAsOfDate":1655471948468}{"customerName":"Craig Fibonnaci","email":"Craig.Fibonnaci@test.com","phone":"8015551212","birthDay":"1788-01-01","serialNumber":"70ce597d-388b-44a5-8db1-5ddb79bfadb8","registrationDate":1655471535405,"lastUpdateDate":1655471950529,"shareWithPublicAsOfDate":1655471950529}{"customerName":"Craig Jackson","email":"Craig.Jackson@test.com","phone":"8015551212","birthDay":"1787-01-01","serialNumber":"cbc31f7b-54c3-4f0e-8822-60cd5566c1ad","registrationDate":1655471535450,"lastUpdateDate":1655471952583,"shareWithFriendsAsOfDate":1655471952583}{"customerName":"Larry Doshi","email":"Larry.Doshi@test.com","phone":"8015551212","birthDay":"1786-01-01","serialNumber":"68530a6d-1a0b-4c55-97ea-6da4adaea2ec","registrationDate":1655471535500,"lastUpdateDate":1655471954636,"shareWithResearchAsOfDate":1655471954636,"shareWithFriendsAsOfDate":1655471954636}{"customerName":"Ashley Wu","email":"Ashley.Wu@test.com","phone":"8015551212","birthDay":"1785-01-01","serialNumber":"1b5f06a6-0b9f-4d98-a1a4-e13c907ea0d2","registrationDate":1655471535546,"lastUpdateDate":1655471956698,"shareWithResearchAsOfDate":1655471956698,"shareWithPublicAsOfDate":1655471956698}{"customerName":"Angie Olson","email":"Angie.Olson@test.com","phone":"8015551212","birthDay":"1784-01-01","serialNumber":"1e048018-7b65-460d-a2bd-ad0c733bd597","registrationDate":1655471535590,"lastUpdateDate":1655471958757,"shareWithResearchAsOfDate":1655471958757,"shareWithPublicAsOfDate":1655471958757}{"customerName":"John Clark","email":"John.Clark@test.com","phone":"8015551212","birthDay":"1783-01-01","serialNumber":"722d7665-080d-46c7-b97c-2f5f7e79690c","registrationDate":1655471535634,"lastUpdateDate":1655471960823,"shareWithResearchAsOfDate":1655471960823,"shareWithFriendsAsOfDate":1655471960823}{"customerName":"Frank Davis","email":"Frank.Davis@test.com","phone":"8015551212","birthDay":"1782-01-01","serialNumber":"534074c0-6a4e-4b46-8dac-f2b1e0b5150c","registrationDate":1655471535686,"lastUpdateDate":1655471962884,"shareWithResearchAsOfDate":1655471962884,"shareWithPublicAsOfDate":1655471962884}{"customerName":"Spencer Smith","email":"Spencer.Smith@test.com","phone":"8015551212","birthDay":"1781-01-01","serialNumber":"19030cdd-7f75-4923-8032-98335fcd11c6","registrationDate":1655471535734,"lastUpdateDate":1655471964946}{"customerName":"Jason Khatib","email":"Jason.Khatib@test.com","phone":"8015551212","birthDay":"1780-01-01","serialNumber":"a281b382-808f-4be7-ba37-40829ca45dd3","registrationDate":1655471535783,"lastUpdateDate":1655471966994,"shareWithResearchAsOfDate":1655471966994}{"customerName":"Senthil Spencer","email":"Senthil.Spencer@test.com","phone":"8015551212","birthDay":"1779-01-01","serialNumber":"b2bf721f-3ecc-4a62-90f9-97b062056e9e","registrationDate":1655471535830,"lastUpdateDate":1655471969052}{"customerName":"Trevor Habschied","email":"Trevor.Habschied@test.com","phone":"8015551212","birthDay":"1778-01-01","serialNumber":"a3565cf5-1262-4bf5-89a2-c2faee0b41c8","registrationDate":1655471535877,"lastUpdateDate":1655471971112}{"customerName":"Jacob Lincoln","email":"Jacob.Lincoln@test.com","phone":"8015551212","birthDay":"1777-01-01","serialNumber":"8fa80f5e-3ff0-4138-92fe-b02cdd30b757","registrationDate":1655471535931,"lastUpdateDate":1655471973165}{"customerName":"Jerry Olson","email":"Jerry.Olson@test.com","phone":"8015551212","birthDay":"1776-01-01","serialNumber":"3232a536-2298-4a90-8855-abab19350573","registrationDate":1655471535978,"lastUpdateDate":1655471975231,"shareWithResearchAsOfDate":1655471975231,"shareWithPublicAsOfDate":1655471975231}{"customerName":"Eric Olson","email":"Eric.Olson@test.com","phone":"8015551212","birthDay":"1775-01-01","serialNumber":"6641e516-2e98-47c4-bd0a-729099e901bc","registrationDate":1655471536023,"lastUpdateDate":1655471977291,"shareWithPublicAsOfDate":1655471977291}{"customerName":"Chris Mitra","email":"Chris.Mitra@test.com","phone":"8015551212","birthDay":"1774-01-01","serialNumber":"d587eb75-d26c-4d77-b435-9022d0dc0164","registrationDate":1655471536073,"lastUpdateDate":1655471979350,"shareWithResearchAsOfDate":1655471979350,"shareWithFriendsAsOfDate":1655471979350}{"customerName":"Bobby Gonzalez","email":"Bobby.Gonzalez@test.com","phone":"8015551212","birthDay":"1773-01-01","serialNumber":"054f7e66-c765-454e-80fd-ee38219f0fc8","registrationDate":1655471536124,"lastUpdateDate":1655471981405,"shareWithResearchAsOfDate":1655471981405}{"customerName":"Angie Staples","email":"Angie.Staples@test.com","phone":"8015551212","birthDay":"1772-01-01","serialNumber":"6c6946df-6cbb-436a-a23a-9bc63e92fb6f","registrationDate":1655471536182,"lastUpdateDate":1655471983466,"shareWithPublicAsOfDate":1655471983466,"shareWithFriendsAsOfDate":1655471983466}{"customerName":"Liz Anandh","email":"Liz.Anandh@test.com","phone":"8015551212","birthDay":"1771-01-01","serialNumber":"3d541284-2482-43c0-8a46-032bef592989","registrationDate":1655471536224,"lastUpdateDate":1655471985524,"shareWithPublicAsOfDate":1655471985524}{"customerName":"Jerry Mitra","email":"Jerry.Mitra@test.com","phone":"8015551212","birthDay":"1770-01-01","serialNumber":"485aec06-a0b2-40ce-90b7-4a2fef2e375c","registrationDate":1655471536270,"lastUpdateDate":1655471987584,"shareWithPublicAsOfDate":1655471987584}{"customerName":"Christina Habschied","email":"Christina.Habschied@test.com","phone":"8015551212","birthDay":"1769-01-01","serialNumber":"f2449924-43ce-4841-81c9-ab31e425935a","registrationDate":1655471536316,"lastUpdateDate":1655471989641,"shareWithResearchAsOfDate":1655471989641}{"customerName":"Dan Harris","email":"Dan.Harris@test.com","phone":"8015551212","birthDay":"1768-01-01","serialNumber":"354472b7-7d92-4ca5-8bba-c1833558e041","registrationDate":1655471536367,"lastUpdateDate":1655471991735,"shareWithResearchAsOfDate":1655471991735}{"customerName":"Eric Wu","email":"Eric.Wu@test.com","phone":"8015551212","birthDay":"1767-01-01","serialNumber":"9f2f009b-5fa9-4da1-94e5-a69544812887","registrationDate":1655471536411,"lastUpdateDate":1655471993792,"shareWithResearchAsOfDate":1655471993792,"shareWithFriendsAsOfDate":1655471993792}{"customerName":"Gail Davis","email":"Gail.Davis@test.com","phone":"8015551212","birthDay":"1766-01-01","serialNumber":"d3abb7cd-63d8-43f5-93b4-3be3fe6629f8","registrationDate":1655471536461,"lastUpdateDate":1655471995843,"shareWithResearchAsOfDate":1655471995843,"shareWithFriendsAsOfDate":1655471995843}{"customerName":"Senthil Davis","email":"Senthil.Davis@test.com","phone":"8015551212","birthDay":"1765-01-01","serialNumber":"056d5f7b-edb1-48ad-9aa0-1c50db7f3b6c","registrationDate":1655471536510,"lastUpdateDate":1655471997898,"shareWithPublicAsOfDate":1655471997898}{"customerName":"Spencer Wu","email":"Spencer.Wu@test.com","phone":"8015551212","birthDay":"1764-01-01","serialNumber":"d2945e0a-387a-45c2-a96a-23bd241795f6","registrationDate":1655471536557,"lastUpdateDate":1655471999954,"shareWithResearchAsOfDate":1655471999954,"shareWithFriendsAsOfDate":1655471999954}{"customerName":"Christina Huey","email":"Christina.Huey@test.com","phone":"8015551212","birthDay":"1763-01-01","serialNumber":"698c48e5-bd64-43da-8eb5-50fbd35502b2","registrationDate":1655471536607,"lastUpdateDate":1655472002020,"shareWithResearchAsOfDate":1655472002020,"shareWithPublicAsOfDate":1655472002020}{"customerName":"Danny Huey","email":"Danny.Huey@test.com","phone":"8015551212","birthDay":"1762-01-01","serialNumber":"3045c4e3-37ac-4f2b-9fca-4a9441910baa","registrationDate":1655471536652,"lastUpdateDate":1655472004083,"shareWithFriendsAsOfDate":1655472004083}{"customerName":"Eric Gonzalez","email":"Eric.Gonzalez@test.com","phone":"8015551212","birthDay":"1761-01-01","serialNumber":"5108c5a0-1751-46c6-b452-9f6434ce7131","registrationDate":1655471536700,"lastUpdateDate":1655472006141,"shareWithPublicAsOfDate":1655472006141}{"customerName":"Santosh Clark","email":"Santosh.Clark@test.com","phone":"8015551212","birthDay":"1760-01-01","serialNumber":"da7147e1-c450-4c85-b043-b20049cb5566","registrationDate":1655471536748,"lastUpdateDate":1655472008197,"shareWithResearchAsOfDate":1655472008197,"shareWithFriendsAsOfDate":1655472008197}{"customerName":"Jerry Spencer","email":"Jerry.Spencer@test.com","phone":"8015551212","birthDay":"1759-01-01","serialNumber":"039ea357-0fd8-4bf4-b3cf-218ce01ac363","registrationDate":1655471536794,"lastUpdateDate":1655472010257,"shareWithResearchAsOfDate":1655472010257,"shareWithPublicAsOfDate":1655472010257}{"customerName":"Jane Anandh","email":"Jane.Anandh@test.com","phone":"8015551212","birthDay":"1758-01-01","serialNumber":"b814916e-39c3-4c5c-b63a-8a518d239128","registrationDate":1655471536842,"lastUpdateDate":1655472012314,"shareWithResearchAsOfDate":1655472012314}{"customerName":"Jerry Smith","email":"Jerry.Smith@test.com","phone":"8015551212","birthDay":"1757-01-01","serialNumber":"60273da4-46de-4245-950c-b04d734f0d59","registrationDate":1655471536888,"lastUpdateDate":1655472014375}{"customerName":"Lyn Jones","email":"Lyn.Jones@test.com","phone":"8015551212","birthDay":"1756-01-01","serialNumber":"e336001c-4560-48f7-a58f-2685e18448a7","registrationDate":1655471536935,"lastUpdateDate":1655472016432}{"customerName":"Christina Gonzalez","email":"Christina.Gonzalez@test.com","phone":"8015551212","birthDay":"1755-01-01","serialNumber":"27788a99-39a1-45ae-accc-684d1d4520bf","registrationDate":1655471536984,"lastUpdateDate":1655472018487,"shareWithResearchAsOfDate":1655472018487,"shareWithFriendsAsOfDate":1655472018487}{"customerName":"Frank Jones","email":"Frank.Jones@test.com","phone":"8015551212","birthDay":"1754-01-01","serialNumber":"355d2b96-3d77-4756-9701-f07d4cd86293","registrationDate":1655471537035,"lastUpdateDate":1655472020538}{"customerName":"Christina Huey","email":"Christina.Huey@test.com","phone":"8015551212","birthDay":"1753-01-01","serialNumber":"074fe973-a453-4241-b86e-99eb2a3a5440","registrationDate":1655471537082,"lastUpdateDate":1655472022591}{"customerName":"Christina Phillips","email":"Christina.Phillips@test.com","phone":"8015551212","birthDay":"1752-01-01","serialNumber":"573a719c-dae9-4d46-a38b-64befb506467","registrationDate":1655471537129,"lastUpdateDate":1655472024642,"shareWithPublicAsOfDate":1655472024642,"shareWithFriendsAsOfDate":1655472024642}{"customerName":"Eric Wu","email":"Eric.Wu@test.com","phone":"8015551212","birthDay":"1751-01-01","serialNumber":"91452ac6-399e-4045-a5a9-d9c959f8ac8b","registrationDate":1655471537178,"lastUpdateDate":1655472026698,"shareWithResearchAsOfDate":1655472026698,"shareWithFriendsAsOfDate":1655472026698}{"customerName":"Senthil Jackson","email":"Senthil.Jackson@test.com","phone":"8015551212","birthDay":"1750-01-01","serialNumber":"a5c66ba1-7a74-483d-bf44-f4b087b5d94d","registrationDate":1655471537224,"lastUpdateDate":1655472028756,"shareWithResearchAsOfDate":1655472028756,"shareWithFriendsAsOfDate":1655472028756}{"customerName":"Bobby Huey","email":"Bobby.Huey@test.com","phone":"8015551212","birthDay":"1749-01-01","serialNumber":"139f10a3-0bef-4844-941d-933aa5b91d41","registrationDate":1655471537275,"lastUpdateDate":1655472030825,"shareWithResearchAsOfDate":1655472030825,"shareWithFriendsAsOfDate":1655472030825}{"customerName":"Jerry Mitra","email":"Jerry.Mitra@test.com","phone":"8015551212","birthDay":"1748-01-01","serialNumber":"e80a37b3-0b26-4569-b62e-043c796b62db","registrationDate":1655471537323,"lastUpdateDate":1655472032882,"shareWithFriendsAsOfDate":1655472032882}{"customerName":"Eric Clayton","email":"Eric.Clayton@test.com","phone":"8015551212","birthDay":"1747-01-01","serialNumber":"d8deb62c-2595-4b97-8a5c-1e988ad521b2","registrationDate":1655471537374,"lastUpdateDate":1655472034941,"shareWithResearchAsOfDate":1655472034941,"shareWithPublicAsOfDate":1655472034941,"shareWithFriendsAsOfDate":1655472034941}{"customerName":"Jerry Clayton","email":"Jerry.Clayton@test.com","phone":"8015551212","birthDay":"1746-01-01","serialNumber":"98c17e9b-b070-486d-b05a-9a2a6094073b","registrationDate":1655471537425,"lastUpdateDate":1655472036994,"shareWithResearchAsOfDate":1655472036994,"shareWithFriendsAsOfDate":1655472036994}{"customerName":"Ashley Harris","email":"Ashley.Harris@test.com","phone":"8015551212","birthDay":"1745-01-01","serialNumber":"91eaae33-f229-40de-a0d5-421e97fb82b5","registrationDate":1655471537489,"lastUpdateDate":1655472039054,"shareWithPublicAsOfDate":1655472039054}{"customerName":"Frank Hansen","email":"Frank.Hansen@test.com","phone":"8015551212","birthDay":"1744-01-01","serialNumber":"bb768ac2-08a7-49c9-8ac8-ce094a9a542d","registrationDate":1655471537539,"lastUpdateDate":1655472041111,"shareWithPublicAsOfDate":1655472041111,"shareWithFriendsAsOfDate":1655472041111}{"customerName":"David Lincoln","email":"David.Lincoln@test.com","phone":"8015551212","birthDay":"1743-01-01","serialNumber":"6c4db5b1-4c4d-4c42-a733-614c0509dd69","registrationDate":1655471537586,"lastUpdateDate":1655472043164,"shareWithPublicAsOfDate":1655472043164}{"customerName":"David Sanchez","email":"David.Sanchez@test.com","phone":"8015551212","birthDay":"1742-01-01","serialNumber":"e191ba03-2b3a-4ddb-9925-15bada9e0dc9","registrationDate":1655471537632,"lastUpdateDate":1655472045225,"shareWithResearchAsOfDate":1655472045225,"shareWithFriendsAsOfDate":1655472045225}{"customerName":"Sean Davis","email":"Sean.Davis@test.com","phone":"8015551212","birthDay":"1741-01-01","serialNumber":"9f3967ad-d63a-45d0-8c0b-89896c0b2755","registrationDate":1655471537677,"lastUpdateDate":1655472047286,"shareWithPublicAsOfDate":1655472047286,"shareWithFriendsAsOfDate":1655472047286}{"customerName":"Frank Smith","email":"Frank.Smith@test.com","phone":"8015551212","birthDay":"1740-01-01","serialNumber":"e218a487-17d4-4f7a-88aa-ff7651f88476","registrationDate":1655471537727,"lastUpdateDate":1655472049338,"shareWithResearchAsOfDate":1655472049338,"shareWithPublicAsOfDate":1655472049338}{"customerName":"Jaya Spencer","email":"Jaya.Spencer@test.com","phone":"8015551212","birthDay":"1739-01-01","serialNumber":"c6973964-351c-4c44-bdff-b64f137b42d6","registrationDate":1655471537773,"lastUpdateDate":1655472051395,"shareWithResearchAsOfDate":1655472051395}{"customerName":"Dan Anandh","email":"Dan.Anandh@test.com","phone":"8015551212","birthDay":"1738-01-01","serialNumber":"7526ccfd-7add-4a35-be4b-39d552682943","registrationDate":1655471537821,"lastUpdateDate":1655472053449,"shareWithPublicAsOfDate":1655472053449}{"customerName":"David Jones","email":"David.Jones@test.com","phone":"8015551212","birthDay":"1737-01-01","serialNumber":"eda124fc-ae30-47f9-af34-2aea053116db","registrationDate":1655471537869,"lastUpdateDate":1655472055506,"shareWithFriendsAsOfDate":1655472055506}{"customerName":"Jason Jefferson","email":"Jason.Jefferson@test.com","phone":"8015551212","birthDay":"1736-01-01","serialNumber":"7673a05c-98b0-40c2-8e6d-969e66ce6f2e","registrationDate":1655471537916,"lastUpdateDate":1655472057564,"shareWithPublicAsOfDate":1655472057564}{"customerName":"Liz Howard","email":"Liz.Howard@test.com","phone":"8015551212","birthDay":"1735-01-01","serialNumber":"dddce319-6443-4ff3-8e64-96f211442a94","registrationDate":1655471537965,"lastUpdateDate":1655472059623,"shareWithResearchAsOfDate":1655472059623,"shareWithPublicAsOfDate":1655472059622}{"customerName":"Craig Doshi","email":"Craig.Doshi@test.com","phone":"8015551212","birthDay":"1734-01-01","serialNumber":"555c29cb-0ad8-4ec8-a4d9-dfac20699408","registrationDate":1655471538015,"lastUpdateDate":1655472061678,"shareWithPublicAsOfDate":1655472061678}{"customerName":"Jaya Anandh","email":"Jaya.Anandh@test.com","phone":"8015551212","birthDay":"1733-01-01","serialNumber":"cf069235-4bd2-413d-9ce3-0c4d2cae7d98","registrationDate":1655471538064,"lastUpdateDate":1655472063731}{"customerName":"Jacob Jackson","email":"Jacob.Jackson@test.com","phone":"8015551212","birthDay":"1732-01-01","serialNumber":"4f2887da-579c-46a6-8c5b-6d92034d9dd7","registrationDate":1655471538121,"lastUpdateDate":1655472065787,"shareWithResearchAsOfDate":1655472065787}{"customerName":"Suresh Jones","email":"Suresh.Jones@test.com","phone":"8015551212","birthDay":"1731-01-01","serialNumber":"160bdd3b-836e-4579-9a6e-dd4999bb0587","registrationDate":1655471538179,"lastUpdateDate":1655472067844}{"customerName":"Dan Sanchez","email":"Dan.Sanchez@test.com","phone":"8015551212","birthDay":"1730-01-01","serialNumber":"d243f385-ea21-408a-ba1d-aeb069565cbe","registrationDate":1655471538231,"lastUpdateDate":1655472069901,"shareWithResearchAsOfDate":1655472069901,"shareWithPublicAsOfDate":1655472069901}{"customerName":"Christina Howard","email":"Christina.Howard@test.com","phone":"8015551212","birthDay":"1729-01-01","serialNumber":"86f922ff-d4e2-43be-b765-7d71b4f36058","registrationDate":1655471538284,"lastUpdateDate":1655472071960}{"customerName":"Gail Ahmed","email":"Gail.Ahmed@test.com","phone":"8015551212","birthDay":"1728-01-01","serialNumber":"05113d1c-b808-4023-bc64-2825947bda7f","registrationDate":1655471538334,"lastUpdateDate":1655472074014,"shareWithResearchAsOfDate":1655472074014,"shareWithFriendsAsOfDate":1655472074014}{"customerName":"Eric Doshi","email":"Eric.Doshi@test.com","phone":"8015551212","birthDay":"1727-01-01","serialNumber":"301cc92c-7042-4464-9481-cae1e819e359","registrationDate":1655471538383,"lastUpdateDate":1655472076072,"shareWithResearchAsOfDate":1655472076072,"shareWithPublicAsOfDate":1655472076072,"shareWithFriendsAsOfDate":1655472076072}{"customerName":"Gail Mitra","email":"Gail.Mitra@test.com","phone":"8015551212","birthDay":"1726-01-01","serialNumber":"5b85aa7f-769e-43c3-b570-e530e33d373e","registrationDate":1655471538436,"lastUpdateDate":1655472078131,"shareWithFriendsAsOfDate":1655472078131}{"customerName":"Santosh Wu","email":"Santosh.Wu@test.com","phone":"8015551212","birthDay":"1725-01-01","serialNumber":"da679d14-824d-4527-a63e-d1aa62d054c4","registrationDate":1655471538483,"lastUpdateDate":1655472080187,"shareWithResearchAsOfDate":1655472080187,"shareWithPublicAsOfDate":1655472080187,"shareWithFriendsAsOfDate":1655472080187}{"customerName":"Manoj Mitra","email":"Manoj.Mitra@test.com","phone":"8015551212","birthDay":"1724-01-01","serialNumber":"ea481435-c6c9-42dd-bda8-fdec29aa4644","registrationDate":1655471538529,"lastUpdateDate":1655472082241}{"customerName":"Manoj Olson","email":"Manoj.Olson@test.com","phone":"8015551212","birthDay":"1723-01-01","serialNumber":"b23eee38-bd3c-498d-b382-d813ff229fd5","registrationDate":1655471538583,"lastUpdateDate":1655472084295}{"customerName":"Ashley Habschied","email":"Ashley.Habschied@test.com","phone":"8015551212","birthDay":"1722-01-01","serialNumber":"bb3367a5-8c5f-4407-93d1-284a2e5d6a6b","registrationDate":1655471538634,"lastUpdateDate":1655472086357,"shareWithResearchAsOfDate":1655472086357,"shareWithFriendsAsOfDate":1655472086357}{"customerName":"Eric Olson","email":"Eric.Olson@test.com","phone":"8015551212","birthDay":"1721-01-01","serialNumber":"c3cfcdc1-cb06-4247-acaf-fc60dae51bc8","registrationDate":1655471538687,"lastUpdateDate":1655472088423,"shareWithPublicAsOfDate":1655472088423}{"customerName":"Dan Ahmed","email":"Dan.Ahmed@test.com","phone":"8015551212","birthDay":"1720-01-01","serialNumber":"ba760b74-8831-4c37-9721-6f8e813cb0ab","registrationDate":1655471538736,"lastUpdateDate":1655472090477,"shareWithResearchAsOfDate":1655472090477,"shareWithFriendsAsOfDate":1655472090477}{"customerName":"Eric Anandh","email":"Eric.Anandh@test.com","phone":"8015551212","birthDay":"1719-01-01","serialNumber":"f39b462b-41d5-4305-b1b5-85b9e1e12bb0","registrationDate":1655471538789,"lastUpdateDate":1655472092540,"shareWithResearchAsOfDate":1655472092540,"shareWithFriendsAsOfDate":1655472092540}{"customerName":"John Clayton","email":"John.Clayton@test.com","phone":"8015551212","birthDay":"1718-01-01","serialNumber":"af46dee7-1d09-4aef-afe6-f75e1472c961","registrationDate":1655471538840,"lastUpdateDate":1655472094604,"shareWithResearchAsOfDate":1655472094604,"shareWithPublicAsOfDate":1655472094604}{"customerName":"Sean Abram","email":"Sean.Abram@test.com","phone":"8015551212","birthDay":"1717-01-01","serialNumber":"8f45e26b-5a3f-4700-9e92-7967efa60ebd","registrationDate":1655471538894,"lastUpdateDate":1655472096659,"shareWithResearchAsOfDate":1655472096659,"shareWithPublicAsOfDate":1655472096659}{"customerName":"Jason Ahmed","email":"Jason.Ahmed@test.com","phone":"8015551212","birthDay":"1716-01-01","serialNumber":"61a335de-e58d-474d-ab60-3bc951e52643","registrationDate":1655471538943,"lastUpdateDate":1655472098720,"shareWithResearchAsOfDate":1655472098720,"shareWithFriendsAsOfDate":1655472098720}{"customerName":"Jerry Aristotle","email":"Jerry.Aristotle@test.com","phone":"8015551212","birthDay":"1715-01-01","serialNumber":"70c55f9f-8073-4cd1-b1f5-0a5c2fb69dd2","registrationDate":1655471538990,"lastUpdateDate":1655472100783,"shareWithResearchAsOfDate":1655472100783,"shareWithPublicAsOfDate":1655472100783,"shareWithFriendsAsOfDate":1655472100783}{"customerName":"David Staples","email":"David.Staples@test.com","phone":"8015551212","birthDay":"1714-01-01","serialNumber":"67dd45b7-6f9b-4202-89a3-42d6458947fc","registrationDate":1655471539037,"lastUpdateDate":1655472102845,"shareWithFriendsAsOfDate":1655472102845}{"customerName":"John Aristotle","email":"John.Aristotle@test.com","phone":"8015551212","birthDay":"1713-01-01","serialNumber":"9f32cf18-ce4c-45f5-bfc5-a66ebc1eabbd","registrationDate":1655471539086,"lastUpdateDate":1655472104899}{"customerName":"Jason Jones","email":"Jason.Jones@test.com","phone":"8015551212","birthDay":"1712-01-01","serialNumber":"d5bbb4c9-6d6d-409b-bdd1-7d828b915807","registrationDate":1655471539136,"lastUpdateDate":1655472106956}{"customerName":"Senthil Anderson","email":"Senthil.Anderson@test.com","phone":"8015551212","birthDay":"1711-01-01","serialNumber":"2990a064-7393-4e6e-b6f4-6d2b1cf6f536","registrationDate":1655471539184,"lastUpdateDate":1655472109013,"shareWithResearchAsOfDate":1655472109013,"shareWithPublicAsOfDate":1655472109013,"shareWithFriendsAsOfDate":1655472109013}{"customerName":"Trevor Jefferson","email":